Event ID,1,2,3,4,5,6,7,8,9,10,11,12,13,14,15,16,17,18,19,20,21,22,23,24,25,26,27,28,29,30
971,0
993,0
990,0
981,0
983,0
974,0
958,0
1005,0
992,0
970,0
965,0
1007,0
943,0
973,"2,500","1,250",650
986,0
999,0
998,0
966,0
1009,0
1011,0
1003,"12,000","6,000","4,000"
1008,0
982,0
1004,0
985,0
988,0
1012,0
999,0
984,0
968,0
1004,0
982,0
1024,0
1013,"6,000","3,000","2,500","2,000"
1017,0
1017,0
1013,"6,000","3,000","2,500","2,000"
1033,0
1022,0
1036,0
1027,0
1048,0
1035,0
1023,0
1045,0
1026,0
1014,0
1047,0
1044,0
1020,0
1033,0
1019,0
1037,0
1041,0
1042,0
1034,"6,581","3,290","1,316",658
1029,0
1021,"22,638","12,073","5,282","5,282"
1031,"14,945","2,989","1,495"
1057,0
1050,0
1025,"10,000","6,000","4,000"
1062,0
1046,0
1049,0
1063,0
1038,0
1059,0
1066,0
1040,0
1061,"1,620",810,420
1064,0
1069,0
1052,0
1068,0
1068,0
1055,0
1056,0
1079,0
1070,0
1077,0
1056,0
1076,0
1077,0
1078,"3,896","1,948","1,299",909
1072,0
1067,"7,915","3,957","1,319"
1080,0
1081,0
1058,0
1075,0
1093,0
1086,0
1060,0
1097,0
1082,0
1085,0
1100,0
1098,"6,000","3,000","2,500","2,000"
1084,0
1092,0
1091,0
1088,"8,000","4,000","2,000","1,000"
1083,0
1087,0
1099,"9,134","4,567","1,522"
1094,"21,157","10,258","5,129","2,565",961,961,641,641
1095,"4,488","2,565",962,962
1090,0
1089,"5,000","2,000"
1104,0
1108,0
1094,"21,157","10,258","5,129","2,565",961,961,641,641
1115,0
1109,0
1107,0
1101,0
1126,0
1105,"17,500","7,000","4,000","2,500","1,500","1,500","1,000","1,000"
1103,0
1125,0
1125,0
1102,"12,000","7,000","4,000","4,000","2,000","2,000","2,000","2,000"
1130,0
1108,0
1135,0
1110,0
1112,0
1111,0
1118,0
1096,0
1116,0
1120,0
1114,0
1139,0
1128,0
1129,0
1141,0
1141,0
1137,0
1127,0
1134,0
1123,0
1133,0
1143,0
1142,0
1144,0
1138,0
1147,0
1124,0
1154,0
1153,0
1155,"12,000","7,000","4,000","4,000","2,000","2,000","2,000","2,000"
1158,0
1152,0
1168,0
1149,0
1145,0
1166,"4,699","2,014"
1148,0
1171,0
1172,0
1165,0
1174,"20,000","8,000","4,000","2,500","1,500","1,500"
1122,0
1175,0
1157,0
1151,"10,815","6,180","3,863","3,863","1,545","1,545","1,545","1,545"
1156,0
1175,0
1156,0
1182,0
1160,0
1178,0
1162,0
1164,"5,651","3,391","2,260"
1181,0
1185,0
1163,"6,000","3,000","2,500","2,000"
1173,0
1187,0
1177,0
1180,0
1179,0
1191,0
1184,0
1190,0
1192,"7,500","4,500","1,500"
1195,0
1183,0
1206,0
1201,0
1202,0
1204,0
1197,0
1196,0
1191,0
1200,0
1176,0
1189,0
1207,0
1198,0
1199,0
1217,0
1193,0
1222,0
1211,0
1221,0
1212,0
1219,0
1213,0
1188,0
1207,0
1209,0
1228,0
1215,0
1228,0
1231,"7,000","4,000","2,500","1,500"
1232,0
1235,0
1230,0
1223,0
1218,"2,000","1,000"
1226,0
1203,0
1225,0
1237,0
1218,"2,000","1,000"
1238,0
1224,0
1239,0
1236,0
1227,0
1242,0
1235,0
1246,0
1242,0
1245,"12,000","7,000","4,000","4,000","2,000","2,000","2,000","2,000"
1238,0
1244,0
1251,0
1249,"12,500","7,500","5,000"
1248,0
1250,0
1257,0
1259,0
1258,0
1254,0
1255,0
1256,0
1227,0
1263,0
1253,0
1261,0
1243,0
1267,0
1240,0
1272,0
1271,"5,497","2,748","1,031","1,031",344,344,344,344
1264,0
1276,0
1260,0
1257,0
1281,0
1283,0
1266,0
1265,"10,000","5,000","3,500","1,500"
1247,0
1275,0
1268,0
1279,"7,000","4,000","2,500","1,500"
1262,0
1252,0
1273,0
1287,"20,000","8,000","4,000","2,500","1,500","1,500"
1289,0
1266,0
1293,0
1269,"10,000","7,000","5,000"
1274,0
1290,0
1277,"22,807","7,602","3,801"
1284,0
1270,"100,000","50,000","22,000","22,000","10,000","10,000","10,000","10,000","2,000","2,000","2,000","2,000","2,000","2,000","2,000","2,000"
1285,0
1286,0
1296,0
1280,0
1299,0
1297,0
1292,0
1288,0
1295,0
1298,0
1302,0
1301,0
1303,0
1306,0
1291,"4,046","2,023",674
1294,0
1309,0
1295,0
1312,0
1318,"7,500","2,500"
1317,0
1313,800,300
1315,0
1320,0
1300,0
1308,0
1304,0
1305,0
1322,0
1323,0
1311,0
1310,0
1334,0
1314,0
1330,0
1335,0
1324,0
1328,0
1338,0
1316,0
1340,0
1339,0
1337,0
1342,0
1336,0
1325,0
1331,0
1327,0
1332,0
1349,0
1351,0
1355,0
1352,0
1354,0
1356,0
1359,0
1358,"14,000","7,000","5,000","4,000"
1361,0
1341,0
1347,0
1345,"19,341","8,289","2,763","2,763",691,691,691,691
1321,0
1343,"4,150","2,800","1,400"
1365,0
1364,0
1346,0
1329,0
1362,0
1348,0
1368,0
1369,681
1367,0
1371,0
1333,"100,000","50,000","22,000","22,000","10,000","10,000","10,000","10,000","2,000","2,000","2,000","2,000","2,000","2,000","2,000","2,000"
1370,0
1374,0
1375,0
1360,0
1376,0
1366,0
1377,0
1378,0
1384,0
1383,0
1382,0
1381,0
1379,0
1387,"7,500","3,000","1,600","1,600",300,300,300,300
1393,0
1390,"20,000","6,000","4,500","4,000","3,500","3,500","3,000","3,000"
1389,0
1394,0
1372,0
1397,0
1353,0
1357,0
1396,0
1373,"10,000","5,000","3,500","3,500","2,000","2,000","2,000","2,000"
1363,0
1344,0
1399,0
1400,0
1398,0
1403,0
1402,0
1392,0
1405,0
1388,0
1385,0
1406,0
1410,0
1413,0
1411,"1,595",798,479,319
1409,0
1417,0
1412,0
1418,0
1423,0
1426,0
1419,0
1420,0
1404,0
1429,0
1425,0
1401,0
1424,"8,115","3,381","2,029"
1431,0
1427,0
1436,0
1435,0
1439,0
1433,0
1408,0
1414,0
1440,0
1438,"5,000","3,000","1,000","1,000"
1432,0
1441,0
1415,0
1422,0
1445,0
1446,0
1430,0
1437,"20,000","10,000","5,000","5,000","1,250","1,250","1,250","1,250"
1450,0
1449,0
1428,0
1452,0
1451,0
1454,0
1459,0
1457,0
1456,0
1463,0
1461,0
1443,0
1464,"14,000","7,000","5,000","4,000"
1466,0
1453,0
1465,0
1471,0
1470,0
1472,0
1469,0
1473,0
1475,0
1474,"5,181","2,591",971,971
1478,0
1479,0
1481,0
1484,0
1480,0
1455,0
1458,0
1482,0
1468,0
1462,0
1448,0
1485,0
1444,"100,000","50,000","22,000","22,000","10,000","10,000","10,000","10,000","2,000","2,000","2,000","2,000","2,000","2,000","2,000","2,000"
1487,0
1488,0
1491,0
1489,0
1495,0
1494,0
1493,0
1492,0
1490,"10,000","5,000","3,500","3,500","2,000","2,000","2,000","2,000"
1505,0
1496,0
1477,0
1483,0
1504,0
1502,"12,000","5,000","3,000","2,000"
1497,500,282,156
1509,0
1507,0
1516,"13,000","7,000","5,000","4,000"
1512,0
1517,0
1514,0
1518,"2,750","1,350",850,600
1498,0
1520,0
1521,"20,000","10,000","5,000","5,000","2,000","2,000"
1525,0
1510,0
1530,0
1531,0
1513,0
1534,0
1529,"5,000","3,000","2,000"
1527,0
1522,0
1503,0
1515,0
1501,"1,840","1,225",615,365
1532,"5,000","1,000"
1523,0
1506,0
1508,0
1536,0
1519,0
1537,0
1539,0
1540,0
1541,0
1542,0
1543,0
1500,"21,605","10,802","5,401","2,701"
1535,0
1533,0
1546,0
1544,0
1545,0
1524,0
1547,0
1548,0
1526,"20,000","15,000","1,000","5,000"
1554,0
1557,0
1555,0
1561,0
1558,0
1559,0
1560,0
1569,0
1571,0
1570,0
1568,0
1551,0
1563,"20,000","6,000","4,500","4,000","3,500","3,500","3,000","3,000"
1553,"100,000","50,000","22,000","22,000","10,000","10,000","10,000","10,000","2,000","2,000","2,000","2,000","2,000","2,000","2,000","2,000"
1552,0
1573,0
1556,0
1576,0
1578,"4,984","2,492",935,935
1575,0
1581,0
1562,0
1567,0
1565,0
1583,0
1577,0
1566,0
1584,0
1585,0
1564,0
1572,0
1586,0
1587,0
1588,0
1589,0
1591,0
1574,0
1590,"5,000","3,000","1,250",750
1580,0
1579,"6,000","3,000","1,000"
1594,0
1597,0
1599,0
1595,0
1603,0
1601,"12,000","7,000","4,000","2,000"
1600,"25,000","12,500","7,500","5,000"
1605,"18,000","9,000","5,000","3,000","1,500","1,500"
1609,0
1602,"8,000","3,000","1,000","1,000",500,500,500,500
1607,"22,000","12,000","5,500","5,500","2,500","2,500"
1608,"25,800","14,300","10,300","6,900"
1612,"40,000","20,000","10,000","5,000"
1613,"20,000","6,000","3,000","3,000","2,000","2,000","2,000","2,000"
1614,"20,000","6,000","3,000","3,000","2,000","2,000","2,000","2,000"
1616,"40,000","20,000","10,000","10,000","6,000","6,000","4,000","4,000"
1592,0
1620,"40,000","20,000","5,000","5,000","2,500","2,500","2,500","2,500"
1604,0
1611,"100,000","50,000","22,000","22,000","10,000","10,000","10,000","10,000","2,000","2,000","2,000","2,000","2,000","2,000","2,000","2,000"
1622,"16,927","5,883","2,545","1,131","1,131","1,131"
1623,0
1606,"34,000","18,000","9,500","9,500","4,000","4,000","3,000","3,000"
1624,0
1627,0
1626,0
1631,0
1625,0
1617,"100,000","50,000","22,000","22,000","10,000","10,000","10,000","10,000","2,000","2,000","2,000","2,000","2,000","2,000","2,000","2,000"
1596,0
1630,0
1628,0
1633,0
1615,"100,000","50,000","25,000","25,000","15,000","15,000","10,000","10,000"
1632,0
1629,0
1636,0
1610,"15,153","6,494","2,706","1,082",811,811,541,541
1634,0
1635,0
1621,"50,000","30,000","10,000","10,000"
1638,0
1639,0
1619,"25,000","15,000","5,000","5,000"
1642,0
1637,0
1643,0
1647,0
1648,0
1649,0
1650,0
1651,"70,000","25,000","15,000","10,000","7,000","7,000","5,000","5,000"
1644,0
1654,0
1653,0
1641,0
1661,0
1657,0
1656,0
1664,0
1618,"25,000","15,000","7,000","3,000"
1640,0
1659,0
1667,0
1670,"5,861","2,930","1,758","1,172"
1672,0
1658,0
1675,0
1646,0
1655,0
1660,0
1671,0
1652,0
1674,0
1663,0
1668,0
1665,0
1676,0
1662,0
1678,0
1679,0
1682,0
1680,0
1681,0
1677,0
1683,0
1685,0
1687,0
1686,0
1689,0
1673,"26,850","14,900","10,750","7,200"
1693,0
1666,"100,000","50,000","22,000","22,000","10,000","10,000","10,000","10,000","2,000","2,000","2,000","2,000","2,000","2,000","2,000","2,000"
1695,0
1697,0
1684,0
1700,0
1694,"50,000","25,000","7,500","7,500","2,500","2,500","2,500","2,500"
1703,0
1699,0
1701,0
1691,0
1688,0
1706,0
1708,0
1713,0
1702,"15,000","7,000","3,000","3,000","1,000","1,000","1,000","1,000"
1690,"3,000","1,500",500
1692,0
1716,0
1717,0
1710,"3,622","1,866","1,097",768
1715,"30,000","15,000","10,000","10,000","5,000","5,000"
1696,0
1698,0
1719,0
1707,"30,000","15,000","8,000","8,000","3,500","3,500","3,500","3,500"
1705,0
1726,0
1718,0
1731,0
1730,0
1724,0
1725,0
1727,0
1711,0
1736,0
1737,0
1738,0
1740,0
1734,0
1735,0
1712,"2,670","1,140",570,190
1729,0
1741,"4,480","2,240",840,840
1714,0
1733,0
1722,"5,000","3,000","2,000","1,000",500,500,500,500
1704,0
1721,0
1742,0
1709,0
1728,0
1739,0
1720,0
1744,0
1746,0
1752,0
1754,0
1756,0
1753,"100,000","60,000","25,000","25,000","12,500","12,500","7,500","7,500"
1760,0
1761,0
1763,"20,000","6,000","3,000","3,000","2,000","2,000","2,000","2,000"
1762,0
1764,"30,000","15,000","5,000"
1770,0
1767,0
1771,"1,000",700,300
1769,0
1745,0
1773,0
1772,0
1774,0
1750,0
1765,0
1775,0
1748,0
1777,0
1755,0
1749,"1,120",560,336,224
1778,0
1780,0
1758,0
1784,0
1757,"20,000","10,000","7,000","3,000"
1786,0
1766,0
1789,0
1776,0
1790,0
1792,0
1779,0
1791,"12,172","3,651","1,217","1,217"
1797,0
1794,0
1793,0
1795,0
1796,0
1800,0
1802,0
1798,0
1807,0
1782,0
1768,0
1810,0
1783,0
1811,0
1788,0
1812,0
1787,0
1813,0
1814,0
1816,0
1781,0
1819,0
1801,0
1817,0
1818,0
1804,0
1820,0
1805,0
1808,0
1821,0
1828,0
1824,0
1827,0
1826,0
1831,0
1822,0
1815,0
1833,"5,000","3,000","1,000","1,000"
1834,0
1836,0
1837,0
1842,0
1825,0
1829,0
1844,0
1843,"7,000","4,000","2,000","2,000"
1847,0
1809,0
1846,0
1851,0
1830,0
1832,0
1848,0
1856,0
1850,0
1855,0
1853,"40,000","25,000","10,000","10,000","5,000","5,000","2,500","2,500"
1839,0
1857,0
1862,0
1841,0
1835,0
1861,"45,500","15,500","6,500","5,500","4,500","2,500"
1823,0
1866,0
1845,0
1840,"10,000","5,000","2,500","1,500",500,500
1867,0
1869,0
1849,0
1870,0
1852,0
1854,0
1868,0
1872,0
1859,0
1877,0
1875,0
1864,0
1876,0
1879,"4,386","2,193",822,822
1883,0
1865,"56,250","22,500","11,250","11,250","2,812","2,812","2,812","2,812"
1878,0
1881,0
1888,0
1882,"100,000","60,000","25,000","25,000","12,500","12,500","7,500","7,500"
1887,0
1885,0
1886,"40,000","20,000","10,000","5,000"
1893,0
1891,0
1892,0
1890,0
1873,0
1874,0
1880,0
1894,0
1899,0
1895,0
1896,0
1897,0
1884,0
1900,0
1901,0
1903,0
1904,0
1906,0
1909,"5,772","2,309","1,385"
1907,"9,502","2,375"
1911,0
1912,0
1871,0
1915,0
1916,0
1914,0
1917,0
1918,0
1920,0
1922,0
1902,0
1924,0
1898,0
1905,0
1925,"2,500","1,500",500,500
1908,0
1926,"1,116",558
1927,0
1910,0
1929,0
1930,0
1931,0
1935,0
1933,0
1936,0
1934,0
1940,0
1939,0
1921,"3,000","1,500",500
1941,0
1944,0
1919,0
1942,0
1923,0
1946,0
1928,0
1947,0
1948,0
1932,0
1913,0
1950,0
1949,"25,600","7,330","3,660","3,660"
1953,"3,962","1,981","1,189",782
1951,0
1952,0
1938,0
1954,"50,000","20,000","10,000","10,000","3,000","3,000","2,000","2,000"
1957,0
1937,0
1955,0
1958,"20,000","10,000","7,000","3,000"
1943,0
1945,0
1961,0
1959,0
1962,0
1960,"65,000","25,000","5,000","5,000"
1964,"3,924","2,242","1,121","1,121"
1965,0
1966,0
1969,0
1968,"15,000","8,000","3,500","1,500",700,700,300,300
1971,0
1973,0
1975,0
1956,0
1980,0
1977,"50,000","20,000","10,000","10,000","3,000","3,000","2,000","2,000"
1978,"90,000","40,000","20,000","20,000","9,000","9,000","6,000","6,000"
1981,0
1983,0
1982,"7,000","2,000","1,000"
1963,364,218,145
1984,0
1991,"1,138",683,569,455
1970,0
1976,0
1974,0
1979,0
1985,0
1967,0
1990,0
1989,"1,135",454,113
1988,"3,829","1,914",957,957
1996,"5,000","2,500","1,500","1,000"
1987,0
1992,"1,500",500
1972,"3,805","2,283"
1998,0
1999,0
2000,0
2001,0
2002,0
1986,"100,000","60,000","25,000","25,000","12,500","12,500","7,500","7,500"
2003,0
2004,"1,985",795
1994,"5,000","3,000","1,000","1,000"
2005,0
1993,0
2009,"3,974","2,732",869,621,310,310,248,248,125,125
2012,0
1995,0
2006,0
2010,0
2021,0
2011,0
2023,"3,714","1,592",796,265
2014,"3,000","2,100","1,600","1,100",700,700,400,400
2026,0
2016,0
2028,"3,798","2,279"
2031,0
2018,0
2007,0
2030,0
2022,0
2019,"1,500",500
2024,0
2020,0
2035,0
2039,0
2015,0
2013,"80,000","50,000","30,000","20,000","5,000","5,000","5,000","5,000"
2034,"40,000","19,200","10,400","10,400"
2036,"104,000","44,000","23,000","25,000","13,000","13,000","7,000","7,000","5,000","4,000","2,000","3,000"
2040,0
2017,0
2043,0
2033,0
2027,"500,000","125,000","70,000","70,000","35,000","35,000","35,000","35,000","8,750","8,750","8,750","8,750","8,750","8,750","8,750","8,750"
2044,0
2029,0
2041,"1,500",500
2025,0
2045,0
2047,"1,500",500
2046,0
2050,0
2042,0
2054,"10,000","5,000","2,500","2,500"
2051,0
2053,"4,351","2,610",870,870
2037,"1,589",636,265,159
2055,"4,351","2,175",816,816
2056,"9,400","4,700","1,560"
2058,0
2060,"8,163","4,892","1,631"
2032,0
2059,"18,985","8,934","2,792","2,792"
2064,"30,000","15,000","2,500","2,500"
2069,0
2061,0
2052,0
2074,0
2073,0
2071,0
2075,0
2077,"30,000","15,000","2,500","2,500"
2048,0
2062,"500,000","150,000","70,000","70,000","35,000","35,000","35,000","35,000","8,750","8,750","8,750","8,750","8,750","8,750","8,750","8,750"
2078,0
2079,0
2066,"1,029",617,309,103
2081,0
2065,0
2068,"30,000","15,000","2,500","2,500"
2057,0
2063,"30,000","15,000","2,500","2,500"
2067,653,392,261
2070,0
2085,0
2072,0
2087,0
2086,0
2091,0
2093,0
2092,0
2076,0
2094,0
2095,"1,500",500
2080,"35,000","15,000"
2082,0
2084,0
2098,0
2096,0
2097,0
2083,0
2101,"1,500",500
2102,"8,600","4,300","1,600","1,600"
2100,"35,624","17,812","9,462","8,349","6,122","3,896","1,669",556
2103,"1,159",580
2104,0
2106,0
2108,0
2089,0
2088,0
2090,0
2109,"50,000","20,000","10,000","10,000","3,000","3,000","2,000","2,000"
2110,"50,000","20,000","10,000","10,000","3,000","3,000","2,000","2,000"
2099,"100,000","50,000","22,000","22,000","10,000","10,000","10,000","10,000","2,000","2,000","2,000","2,000","2,000","2,000","2,000","2,000"
2111,0
2116,0
2121,"1,500",500
2117,0
2123,0
2122,0
2118,0
2105,0
2127,"2,000","1,000"
2107,0
2130,"200,000","90,000","44,000","44,000","36,000","36,000","31,000","31,000"
2125,"1,500",500
2113,0
2137,0
2136,0
2114,0
2139,"2,536",761,380
2112,"50,000","20,000","10,000","10,000","3,000","3,000","2,000","2,000"
2115,0
2142,"1,259",630
2119,0
2145,0
2126,"2,000","1,000"
2124,0
2135,"390,000","140,000","60,000","60,000","50,000","50,000","50,000","50,000","40,000","40,000","40,000","40,000","40,000","40,000","30,000","30,000","30,000","30,000","30,000","30,000","30,000","30,000","30,000","30,000"
2129,0
2128,0
2134,0
2146,0
2151,0
2154,"1,586",779
2147,0
2138,0
2133,0
2153,"1,500",500
2149,0
2150,"55,000","30,000","12,500","12,500","5,000","5,000","2,500","2,500"
2156,750,500
2155,0
2144,300
2140,0
2159,0
2157,0
2161,"30,000","7,500","5,500","1,500"
2160,"58,232","21,836","11,647","7,279"
2143,0
2158,"3,000","1,500",500
2163,0
2169,"1,796",718
2152,0
2148,"13,680","5,472","2,736"
2166,"2,624","1,312",657,657,328,328,328,328
2165,0
2171,0
2172,0
2168,"10,000","4,000","1,000","1,000"
2173,0
2162,"15,000","7,000","3,000","1,000"
2170,0
2174,0
2178,0
2177,0
2182,"2,387","1,194"
2175,0
2141,0
2181,0
2164,0
2179,"4,562","2,281","1,426",855,399,399
2176,0
2183,1,536
2184,0
2198,"3,533","1,413"
2187,"50,000","20,000","12,000","8,000","3,000","3,000","2,000","2,000"
2189,0
2185,0
2194,0
2180,"1,126",450,56,56
2203,0
2193,"3,909","1,899",949,949
2192,0
2206,0
2213,0
2188,"2,428",809,405,405
2186,0
2202,0
2195,0
2200,0
2201,0
2199,0
2196,0
2214,"10,000","5,000","2,500","2,500"
2218,0
2215,"10,000","5,000","2,500","2,500"
2207,0
2197,0
2212,"30,000","15,000","5,000"
2211,"35,000","15,000","5,000"
2209,0
2210,0
2219,"2,500","1,500",500,500
2191,0
2216,0
2221,0
2208,0
2222,0
2217,0
2204,0
2233,0
2231,0
2225,"10,000","5,000","2,500","2,500","1,250","1,250","1,250","1,250"
2230,0
2227,"7,700","4,630","3,090"
2228,0
2234,0
2243,0
2245,0
2246,0
2235,0
2239,"125,000","50,000","25,000","25,000","8,500","8,500","5,000","3,000"
2223,"30,000","15,000","5,000"
2248,"250,000","125,000","80,000","80,000","65,000","65,000","50,000","50,000"
2226,700,300
2249,0
2250,0
2251,0
2253,0
2229,0
2236,0
2256,"15,290","7,645"
2260,0
2244,0
2259,415,249,166,83
2254,"10,000","5,000","3,000","2,000"
2255,0
2257,0
2224,"35,000","15,000","5,000"
2262,"8,000","4,000","2,000","1,000"
2241,0
2264,0
2247,0
2268,0
2238,0
2232,"10,000","5,000","2,500","2,500"
2269,"2,500","1,500",500,500
2272,0
2252,"5,000","3,000","2,000"
2240,"15,291","7,646","3,058","1,529"
2242,500,140,70
2273,0
2270,0
2271,0
2258,0
2277,0
2278,0
2263,0
2265,0
2266,"4,559","2,026",780,780
2281,"1,703",568,284,284
2261,"125,000","50,000","25,000","25,000","12,000","12,000","5,000","5,000","3,500","3,500","2,000","2,000"
2284,0
2280,"13,000","8,000","4,000"
2283,0
2279,"1,600",800 of hardware,800,400 of hardware,400,400 of hardware
2288,"60,857","18,257","10,650","7,610"
2286,"50,000","25,000","10,000","10,000","1,250","1,250","1,250","1,250"
2285,"50,000","25,000","15,000","5,000","1,250","1,250","1,250","1,250"
2274,0
2287,0
2290,0
2295,0
2294,0
2291,0
2292,"4,435","2,218","1,331",887
2276,0
2296,"5,000","2,500","1,500","1,000"
2298,0
2300,0
2299,"1,670",780,223,112
2301,0
2304,0
2289,0
2305,0
2282,0
2306,"200,000","90,000","45,000","45,000","35,000","35,000","30,000","30,000","25,000","25,000","20,000"
2308,"2,033","1,565","1,017",470
2293,0
2275,0
2297,0
2313,"10,000","4,000","1,000","1,000"
2315,"10,000","5,000","2,500","2,500"
2316,"5,000","3,000","1,000","1,000"
2320,"3,362","1,494",374,374
2319,"50,000","30,000","20,000"
2317,500,200
2302,0
2322,0
2327,0
2323,"12,890","5,156","1,290"
2321,0
2303,"2,576","1,288",601,429,258,258,258,258,172,172
2307,0
2324,"14,750","6,640","2,215","2,215"
2326,"2,500","1,500",500,500
2309,0
2312,0
2310,"3,734","1,867","1,120",747
2333,"2,212",553
2314,"12,000","7,000","3,000","3,000"
2311,"50,000","20,000","10,000","10,000","2,500","2,500","2,500","2,500"
2334,0
2335,"2,000","1,000"
2336,"1,500",500
2338,"15,000","7,500"
2337,0
2318,0
2343,"8,376","3,797","1,787","1,787"
2341,0
2325,"130,000","50,000","25,000","25,000","10,000","10,000","10,000","10,000","4,500","4,500","4,500","4,500","3,000","3,000","3,000","3,000"
2332,0
2331,0
2345,"50,000","25,000","15,000","10,000"
2347,0
2339,"3,087","1,544",925,617
2354,0
2330,0
2355,"6,679","3,339"
2344,0
2346,"5,609","2,804","1,683","1,122"
2351,"1,000"
2353,"2,500","2,500"
2357,"9,000","3,000","1,500","1,500"
2352,"2,500","2,500"
2348,0
2350,"18,000","10,000","5,000","5,000","3,000","3,000","3,000","3,000"
2356,"30,139","18,083","9,042","3,013","3,013","3,013","3,013","3,013"
2361,500,375,375,125,125,125,125
2329,0
2362,0
2365,500,375,375,125,125,125,125
2367,"250,000","120,000","65,000","65,000","45,000","45,000","35,000","35,000"
2364,0
2368,"18,000","15,500","13,000","10,500","8,000","5,500","3,000","1,500"
2358,0
2340,"20,000","15,000","10,000","10,000","5,000","5,000","5,000","5,000"
2375,0
2360,0
2349,0
2376,0
2370,0
2371,0
2366,500,375,375,125,125,125,125
2359,500,375,375,125,125,125,125
2372,0
2380,"13,500","6,750","2,700","1,400","1,400","1,400","1,400","1,400"
2369,"18,000","15,500","13,000","10,500","8,000","5,500","3,000","1,500"
2383,0
2386,959,959,575,575
2388,"1,550",775,620,465,310,310,310,310
2377,0
2374,0
2393,0
2381,"1,150",550
2382,0
2373,0
2384,0
2394,0
2379,573,"1,145",573,573
2389,"2,000","1,150",575,275
2385,"2,000",500
2397,"5,000"
2395,"5,000"
2399,0
2391,"4,605","1,535"
2405,0
2402,0
2404,0
2403,0
2392,0
2416,"4,000","2,000"
2415,0
2408,"5,179","2,071","1,036",690,690,690
2400,0
2414,945,570,280,280
2406,0
2401,0
2390,"30,000","18,000","9,000","6,000","3,000","3,000","3,000","3,000"
2417,"14,965","7,482"
2410,"250,000","100,000","40,000","40,000","15,000","15,000","15,000","15,000"
2420,0
2409,"15,000","7,500","3,750"
2387,542,154,77
2421,"1,000",340
2419,0
2407,"400,000","140,000","60,000","60,000","50,000","50,000","50,000","50,000","30,000","30,000","30,000","30,000","30,000","30,000","30,000","30,000"
2413,0
2424,0
2426,0
2425,0
2429,"7,000","2,500","1,500"
2418,0
2411,"40,000","20,000","8,000","8,000","4,000","4,000","4,000","4,000","1,000","1,000","1,000","1,000","1,000","1,000","1,000","1,000"
2428,0
2398,"3,743","1,872",749,749
2431,"25,000","12,500","8,500","4,000"
2430,0
2436,"1,000",500
2422,"1,000",500
2439,"1,500"
2438,0
2432,"15,000","7,500","2,500"
2441,"10,000","4,000","1,000","1,000"
2442,0
2412,0
2437,0
2427,0
2447,900,450
2435,"50,000","30,000","10,000","10,000"
2445,0
2423,"23,750","11,250","5,000","5,000","1,250","1,250","1,250","1,250"
2444,"1,500",375
2434,"4,500","2,700",900,900
2440,0
2451,"1,000",500
2449,0
2450,0
2455,0
2452,"30,000","18,000","9,000","6,000","3,000","3,000","3,000","3,000"
2457,"3,915","2,090","1,305",522
2443,0
2446,0
2448,0
2454,"20,000","15,000","12,500","12,500","10,000","10,000","10,000","10,000"
2459,0
2453,"29,500","17,700","8,860","5,900","2,950","2,950","2,950","2,950"
2456,0
2462,0
2466,0
2458,0
2468,"1,000",500
2460,0
2473,0
2479,0
2477,"3,160","1,580",530,530
2480,"6,140","3,070","1,535","1,535"
2478,"1,230",615,308,308,154,154,154,154
2463,0
2464,0
2461,0
2467,"3,000","1,000",500,500
2483,0
2485,0
2487,0
2465,0
2486,0
2474,0
2470,0
2491,"1,345",672,336,336
2475,"3,800","1,900",950,950
2490,"1,000",500
2469,0
2481,0
2493,0
2494,"15,000","12,500","10,000","7,500"
2472,0
2488,0
2495,"15,000","12,500","10,000","7,500"
2489,"7,500","3,750","1,875","1,875"
2476,0
2500,"3,600","1,800"
2499,"3,500","1,500"
2503,0
2484,183,92
2471,"500,000","150,000","70,000","70,000","35,000","35,000","35,000","35,000","8,750","8,750","8,750","8,750","8,750","8,750","8,750","8,750"
2498,0
2508,0
2496,"10,000","5,200","2,000","2,000"
2497,"30,000","15,000","5,000"
2501,"3,360","1,680",840,840
2504,"30,000","15,000","5,000"
2505,0
2512,0
2515,0
2509,0
2514,542,154,77
2517,0
2506,0
2502,0
2520,400,250,160,80
2518,"3,960","1,140",570
2492,0
2507,"1,000",500
2511,"7,950","3,600","1,700","1,700"
2519,0
2524,0
2482,"10,000","6,000","4,000"
2522,0
2528,"14,833","7,420","2,968","1,483","1,483","1,483","1,483","1,483"
2526,0
2527,0
2529,"1,470",370
2532,"7,000","10,000 of gear","3,000","5,000 of gear"
2521,0
2525,0
2516,0
2513,0
2535,"30,000","15,000","5,000"
2523,0
2534,"7,000","4,000","2,000","2,000"
2540,"3,200","1,600"
2543,0
2539,"9,000","4,500","1,700","1,700"
2536,"1,860",930,465,465
2538,"18,000","10,000","5,000","5,000","3,000","3,000","3,000","3,000"
2545,0
2546,0
2544,0
2541,"200,000","100,000","25,000","25,000","15,000","15,000","15,000","15,000","5,000","5,000","5,000","5,000","5,000","5,000","5,000","5,000"
2533,"6,000","2,500","1,500"
2547,"2,500","1,500",750,250
2549,"1,000",500
2550,0
2552,"2,019",807,302,302
2537,"1,000",500
2531,0
2548,"5,000","3,000","1,000","1,000"
2555,0
2560,"1,088","1,088"
2561,"6,343","2,114"
2553,"2,270","2,270","1,890","1,890"
2563,"1,900",800
2559,"43,746","21,872","11,666","11,666","2,917","2,917","2,917"
2565,"5,953","3,572"
2566,"50,000","20,000","10,000","10,000","3,000","3,000","2,000","2,000"
2567,"50,000","20,000","10,000","10,000","3,000","3,000","2,000","2,000"
2575,"14,661","7,330","2,932","1,466","1,466","1,466","1,466","1,466"
2582,"1,000",500
2578,"2,500","2,500"
2542,0
2558,"1,000",500
2554,542,154,77
2583,525,335,335,75,75,75,75
2564,"800,000","400,000","200,000","60,000","10,000","10,000","10,000","10,000"
2562,"1,000",300,150,150
2585,"1,386",530,107,107
2587,0
2589,0
2588,0
2591,0
2593,"8,900","5,100"
2590,0
2551,0
2592,"3,250","1,000"
2594,0
2576,"1,440",360
2577,"2,500","2,500"
2569,"50,000","20,000","10,000","10,000","3,000","3,000","2,000","2,000"
2595,"2,160",540
2597,"10,000"
2568,"50,000","20,000","10,000","10,000","3,000","3,000","2,000","2,000"
2556,0
2598,"2,550","1,275",425
2581,700,450,450,100,100,100,100
2601,"2,115","1,060",315,210
2599,"87,000","43,500","29,000","7,200","7,200","7,200","7,200","7,200"
2584,700,450,450,100,100,100,100
2600,"1,000",500
2602,175,75,50
2603,"2,162",543
2586,0
2605,0
2608,"2,750","1,250",500,500
2607,0
2611,"4,295","2,146","1,074","1,074"
2610,"2,690","1,615",805,270
2580,"1,750","1,125","1,125",250,250,250,250
2614,0
2615,945,570,190,190
2613,"72,710","43,627","14,542","14,542"
2596,"2,500","1,500",500,500
2617,"5,267","2,633","1,580","1,055"
2621,200,75
2618,"5,267","3,158","1,055","1,055"
2620,"1,425",792,423
2624,770,580,385,190
2604,0
2626,"2,090","1,046",522,522
2625,0
2629,"1,750",800,450
2634,0
2631,"2,878","1,439",719
2609,400,250,150
2637,"104,000","44,000","24,000","23,000","13,000","13,000","7,000","7,000","4,000","5,000","4,000","2,000"
2633,0
2619,0
2627,0
2638,"27,445","23,379","19,313","17,788","15,247","11,689","8,131","4,065"
2639,"27,445","23,379","19,313","17,788","15,247","11,689","6,115"
2612,"1,070",536
2623,"1,430",358
2640,0
2641,"63,750","33,750","19,500","15,000","5,250","5,250","3,750","3,750"
2642,0
2630,783
2647,0
2643,0
2644,0
2632,0
2646,550,170,80
2622,550,170,80
2650,"18,000","7,500","3,500","1,500"
2645,740,370,160
2651,"1,760","1,320"
2648,0
2616,70,30,10
2654,0
2655,0
2658,0
2653,0
2665,"6,000","2,500","1,500"
2669,0
2656,0
2667,0
2660,0
2652,0
2670,"1,100",400
2659,"6,000","2,500","1,000",500
2662,"15,000","8,000","3,500","3,500"
2649,"8,000","4,000","1,500","1,500"
2657,0
2661,0
2677,"1,100",600,200
2672,"2,500"
2681,"1,700","1,000",250,250
2679,"10,000","5,000","2,500","1,500",500,500
2676,0
2686,0
2671,"7,500","2,500"
2666,"1,434",359
2685,"1,500",500,100,100
2680,"1,700","1,000",250,250
2674,0
2663,"7,950","3,710","1,590","1,590"
2673,"2,500"
2682,550,170,80
2689,"6,000","3,000","1,000"
2696,0
2664,"6,000","2,500","1,500"
2690,0
2678,"1,700","1,000",250,250
2691,0
2695,"1,955",993
2693,0
2699,"2,285","1,140",570,285,142,142,142,142,142,142
2687,0
2704,"3,815"
2683,"125,000","50,000","25,000","25,000","10,000","10,000","10,000","10,000","6,000","6,000","6,000","4,000","4,000","4,000","2,500","2,500"
2705,"25,992","11,882","8,540","7,055","5,941","5,941","4,456","4,456"
2706,"3,150","1,575",525
2698,"1,434",359
2700,"2,000","1,000"
2701,0
2688,0
2712,"1,000",600
2708,"1,500",500
2711,"5,000","3,000","2,000",250,250,250,250
2694,"1,000",500
2710,"1,500",500,100,100
2718,"2,112","1,056",316,211
2717,"2,500","1,500",500 in skins,500 in skins
2703,0
2692,0
2714,250,150,100
2702,0
2719,"1,000",500
2727,0
2726,0
2723,"30,000","15,000","5,000"
2731,"6,000","2,500","1,000",500
2728,"15,000","12,500","10,000","7,500"
2730,0
2729,"15,000","12,500","10,000","7,500"
2733,"1,500",500,100,100
2734,"3,720","1,860"
2709,0
2736,0
2713,"100,000","40,000","20,000","20,000","7,500","4,750","4,750","3,000"
2675,0
2737,0
2740,"3,000","1,200",430,300
2739,861,430
2738,0
2742,"2,161",756
2744,0
2707,"2,655","1,062",531
2746,0
2748,"2,100","1,350","1,350",300,300,300,300
2732,"12,000","5,000","1,500","1,500"
2754,0
2756,682,341,199,199
2755,0
2753,"31,866","13,810","5,312","5,312"
2735,0
2758,"1,760","1,257"
2761,"10,000","4,000","1,000","1,000"
2759,"5,650","3,150"
2764,"1,195",597
2767,"1,000",500
2741,432,432,270,270
2751,600,400,300,300,100,100,100,100
2743,0
2749,"18,000","10,000","5,000","5,000","3,000","3,000","3,000","3,000"
2747,0
2745,0
2766,"21,779","10,889","4,356"
2760,"1,000",600
2770,682,341,199,199
2762,"1,860",930,558,372
2768,"5,445","1,905",815
2771,"1,435"
2773,600,400,300,300
2752,600,400,300,300,100,100,100,100
2750,875,550,550,125,125,125,125
2772,"8,800","4,070","1,760","1,760"
2769,"2,500","1,500",500,500
2774,"2,195","1,097"
2777,"15,000","7,000","4,000","4,000"
2780,"1,500",500
2782,"2,550","1,700","1,275","1,275",425,425,425,425
2788,0
2787,0
2783,"5,700","2,300"
2789,"2,700","1,800","1,350","1,350",450,450,450,450
2792,0
2779,"2,000","1,000",500,500
2791,0
2795,0
2765,"4,155","1,890",755,755
2790,0
2793,0
2794,0
2778,0
2798,"10,300","5,150","1,300","1,300"
2796,0
2775,945,570,230,230
2781,"2,000",500
2784,682,341,199,199
2800,"14,267","4,280","1,426","1,426"
2797,0
2799,"1,591",955,530,318
2806,682,341,199,199
2803,"1,000",700,300
2785,0
2807,"5,948","2,199","1,100","1,100",550,550
2776,"2,737"
2786,0
2808,"1,070",534,268,268
2809,"3,000","1,500",500
2810,0
2804,"1,060",640,420
2802,"2,966","1,853","1,483","1,112"
2801,"20,000","10,000","5,000","5,000","2,500","2,500","2,500","2,500"
2805,200,50
2815,0
2814,"1,000",500
2824,"2,900",700
2826,0
2834,"3,000","1,500",250,250
2823,"1,072",645,214,214
2827,0
2828,0
2831,"1,500",800
2818,0
2820,0
2839,410,220,125,60
2840,"2,212",553
2812,0
2813,"6,000","2,500",500
2825,"2,905",726,436
2821,0
2819,0
2843,0
2829,682,341,199,199
2845,"1,093"
2844,"10,000","5,000","2,500","2,500"
2837,0
2830,"2,500","1,000"
2848,0
2835,"3,500","1,250",125,125
2833,0
2851,"1,000",500
2849,0
2852,"5,465","2,732","1,640","1,093"
2850,0
2856,0
2858,"1,768",884,331,331
2861,0
2822,0
2857,680,320,200,200
2854,"3,000","1,500",500
2842,"6,000","2,500","1,500"
2864,0
2865,0
2816,"1,500",500
2846,"10,250","1,139"
2841,"6,000","2,500","1,500"
2868,"4,175","2,385"
2870,0
2869,336,224,112,112
2873,0
2871,0
2859,"2,988","1,493"
2863,0
2862,0
2878,"1,500"
2875,682,341,199,199
2882,"1,449"
2874,"1,000",500
2889,"65,000","25,000","5,000","5,000"
2877,"1,500",800
2872,"15,000","6,500","2,500","1,000"
2885,"5,770","2,308","1,154",923
2883,"2,500","1,500",500,500
2884,"13,700","6,850","5,325","3,805"
2907,0
2919,640,430
2908,0
2925,"1,400",700,420,280
2922,"1,449"
2924,"5,734","3,440","1,147","1,147"
2930,"1,000",500
2916,"4,000","2,000","1,000","1,000",500,500,500,500
2960,"1,250",500
2880,"2,500"
2923,"9,000","4,000","1,000","1,000"
2763,"250,000","120,000","65,000","65,000","45,000","45,000","35,000","35,000"
2890,"1,680",840,420,420
2959,900,300,150,150
2927,"1,825",897
2941,"1,120",560,280,280
2957,"2,300",700
2965,"1,500",800
2953,"3,900","2,005",669,669
2926,0
2944,0
2963,"1,125"
2928,0
2855,"1,000",500
2962,0
2931,"1,500"
2912,"1,690","1,690"
2946,0
2897,"2,100","1,350","1,350",300,300,300,300
2879,"2,500"
2961,"1,000",500
2903,0
2947,0
2945,0
2974,0
2939,0
2964,"1,073",858,643,429
2952,0
2917,"2,799","1,679",671,448
2948,0
2893,"2,275","1,515",760,760,380,380,380,380
2954,"8,373","4,465","2,232","2,232"
2909,"5,420","2,325",540,540,540,540,540,540
2978,"11,500","4,300","2,000","1,000"
2949,0
2976,228,114,57,57
2943,0
2950,0
2951,0
2983,0
2982,"4,780","1,195"
2977,"2,500",500
2721,0
2900,0
2899,0
2990,"2,500","1,000",250,250
2933,0
2896,"6,810","4,540","2,270","2,270"
2635,"100,000","40,000","20,000","20,000","10,000","10,000","10,000","10,000","6,000","6,000","6,000","3,000","3,000","3,000","1,500","1,500"
2955,"6,695","2,789","1,673"
2940,"8,365","3,902","2,230","2,230"
2901,0
2979,"51,700","25,900","19,400","13,000"
2984,0
2986,0
2991,0
2985,0
2975,"3,000","1,500",600,600,300,300
2994,0
2981,0
2936,0
2902,0
2570,"50,000","20,000","10,000","10,000","3,000","3,000","2,000","2,000"
3007,"2,035","1,220"
2988,0
3012,0
3001,"15,300","7,600","3,800","1,900"
2987,0
2995,0
2989,0
2996,580,580
3004,"6,000","3,000",500,500
3002,"6,000","3,000","1,000"
3022,0
3023,"1,500","1,250"
2932,"22,000","11,000","4,400"
2720,"500,000","150,000","70,000","70,000","35,000","35,000","35,000","35,000","8,750","8,750","8,750","8,750","8,750","8,750","8,750","8,750"
2970,0
3003,"3,200","1,600",650,650,325,325,325,325
3019,"1,500",500
3005,0
3021,0
3006,"1,000",500
3025,0
2571,"50,000","20,000","10,000","10,000","3,000","3,000","2,000","2,000"
3032,"3,200","1,600"
3008,0
3027,"1,175"
3033,0
2997,"2,957","1,774"
3030,"1,000",500
3039,0
3050,"1,320",660,440,352
2993,"8,000","4,000","2,000","1,000"
3063,"2,350","2,350"
2999,0
3037,"2,500",500
2836,"20,000","9,000","4,000","2,000"
2894,"5,705","2,665","1,520","1,520"
2918,"12,330","8,630"
3024,0
3035,472,355
3071,0
3013,0
3043,600,400,300,300,100,100,100,100
3028,"4,700","2,350"
3073,0
3029,"1,580",790
3038,"1,500",800
3080,300,210,210,150,150
2937,0
3082,480,240,125,125
3031,384,384
3066,"5,000","2,500","1,250","1,250"
2966,0
2967,0
3034,0
3089,"1,693",941
3036,"2,000","1,000",500,500
3065,0
3076,"3,000","1,500",750,750
3090,"1,000",500
3042,600,400,300,300
3000,"5,000"
3041,"2,700","1,800","1,350","1,350",450,450,450,450
3040,"2,700","1,800","1,350","1,350",450,450,450,450
3045,875,550,550,125,125,125,125
3067,"4,440","1,770",440,440
3044,750,500,350,350,125,125,125,125
3107,"2,850",950
3086,"3,950","2,760","1,185"
3087,"1,300",700,350
3099,"1,470",200,100,100
3083,0
3064,0
3084,0
2971,0
3088,0
2866,"27,000","23,000","19,000","17,500","15,000","11,500","8,000","4,000"
3091,"1,946","1,298"
3106,"4,290","3,438","1,264"
3104,0
3079,0
3105,"2,000","1,000"
3062,0
3026,"4,680","1,560",780,465,155,155
2867,"27,000","23,000","19,000","17,500","15,000","11,500","8,000","4,000"
3070,"1,950",850
3051,0
3053,0
3094,0
2968,0
3103,450,248,135,67
3109,"5,445","1,905",816
3110,0
3092,"6,410","3,205"
2969,0
3052,0
3095,0
3054,0
3118,705,295,175
3074,0
3011,"1,500",500,250,250
3124,"1,200",600,300,300,150,150,150,150
3100,0
3123,"11,877","5,345"
3017,0
3015,"2,966","1,853","1,483","1,112"
2934,0
3125,120,70
3119,"1,500",800
3097,0
3127,0
3108,0
3098,0
3068,0
3130,"2,000",500
3111,"2,373",791
3078,0
3056,0
3102,"5,307","3,317","1,990",994
3155,"1,200",300
3085,"2,379","1,190"
3131,"1,475"
3146,0
3126,"1,500",750
3093,"5,000","2,000","1,000","1,000",500,500
3120,"2,000","1,250",750
3148,0
3009,0
3140,"5,112","3,834","2,557","1,278"
3128,"1,000",500
3143,0
3096,0
3018,0
3121,0
3141,0
3158,0
3142,0
3055,0
3167,"2,750","1,300"
3161,"5,960","2,980","1,788","1,192"
3154,0
3162,"1,500",500
3157,"4,000","2,000","1,000","1,000",500,500,500,500
3159,0
3160,0
3174,421,300,181,181
2684,"100,000","50,000","22,000","22,000","10,000","10,000","10,000","10,000","2,000","2,000","2,000","2,000","2,000","2,000","2,000","2,000"
3172,"4,631","3,088","1,544"
3164,"2,882","1,441","1,080",720
3144,0
3163,"2,384",596
3016,"500,000","150,000","70,000","70,000","35,000","35,000","35,000","35,000","8,750","8,750","8,750","8,750","8,750","8,750","8,750","8,750"
3169,"15,438","7,719","3,860"
3175,0
3145,0
3147,0
2572,"50,000","20,000","10,000","10,000","3,000","3,000","2,000","2,000"
3061,"117,500","47,000","23,500","23,500","5,875","5,875","5,875","5,875"
3168,0
3149,0
3014,700,700,700,700
3134,0
3151,0
3187,997,498,249,249
3181,0
3129,0
3010,"13,538","2,707","1,353","1,353"
3077,0
3188,"3,774","1,509",566,566
3185,"3,000","1,500",500
3081,"1,510",906,434
2636,"125,000","50,000","25,000","25,000","8,500","8,500","4,000","4,000"
3179,"2,390","1,076",359,359
3193,"2,385","1,192",715,477
3150,0
2972,0
3171,480,160
3192,0
3173,220,132,88
3191,0
3132,"3,726","2,235"
3180,"1,000",500
2973,"9,612","3,204",801,801
3184,"8,317","4,159","2,079","2,079"
3186,0
3194,0
3196,0
3136,0
3152,0
3138,0
3195,0
